year,period,reprt_code,rcept_no,viewer_url,report_nm,rcept_dt
2015,annual,11011,20160330003536,https://dart.fss.or.kr/dsaf001/main.do?rcpNo=20160330003536,,
2016,annual,11011,20170331004518,https://dart.fss.or.kr/dsaf001/main.do?rcpNo=20170331004518,,
2016,half_year,11012,20160816001779,https://dart.fss.or.kr/dsaf001/main.do?rcpNo=20160816001779,,
2016,quarterly_q1,11013,20160516003174,https://dart.fss.or.kr/dsaf001/main.do?rcpNo=20160516003174,,
2016,quarterly_q3,11014,20161114001491,https://dart.fss.or.kr/dsaf001/main.do?rcpNo=20161114001491,,
2017,annual,11011,20180402005019,https://dart.fss.or.kr/dsaf001/main.do?rcpNo=20180402005019,,
2017,half_year,11012,20170814001832,https://dart.fss.or.kr/dsaf001/main.do?rcpNo=20170814001832,,
2017,quarterly_q1,11013,20170515003806,https://dart.fss.or.kr/dsaf001/main.do?rcpNo=20170515003806,,
2017,quarterly_q3,11014,20171114001694,https://dart.fss.or.kr/dsaf001/main.do?rcpNo=20171114001694,,
2018,annual,11011,20190401004781,https://dart.fss.or.kr/dsaf001/main.do?rcpNo=20190401004781,,
2018,half_year,11012,20180814001113,https://dart.fss.or.kr/dsaf001/main.do?rcpNo=20180814001113,,
2018,quarterly_q1,11013,20180515001699,https://dart.fss.or.kr/dsaf001/main.do?rcpNo=20180515001699,,
2018,quarterly_q3,11014,20181114001530,https://dart.fss.or.kr/dsaf001/main.do?rcpNo=20181114001530,,
2019,annual,11011,20200330003851,https://dart.fss.or.kr/dsaf001/main.do?rcpNo=20200330003851,,
2019,half_year,11012,20190814002218,https://dart.fss.or.kr/dsaf001/main.do?rcpNo=20190814002218,,
2019,quarterly_q1,11013,20190515001605,https://dart.fss.or.kr/dsaf001/main.do?rcpNo=20190515001605,,
2019,quarterly_q3,11014,20191114001273,https://dart.fss.or.kr/dsaf001/main.do?rcpNo=20191114001273,,
2020,annual,11011,20210309000744,https://dart.fss.or.kr/dsaf001/main.do?rcpNo=20210309000744,,
2020,half_year,11012,20200814001766,https://dart.fss.or.kr/dsaf001/main.do?rcpNo=20200814001766,,
2020,quarterly_q1,11013,20200515001451,https://dart.fss.or.kr/dsaf001/main.do?rcpNo=20200515001451,,
2020,quarterly_q3,11014,20201116001248,https://dart.fss.or.kr/dsaf001/main.do?rcpNo=20201116001248,,
2021,annual,11011,20220308000798,https://dart.fss.or.kr/dsaf001/main.do?rcpNo=20220308000798,,
2021,half_year,11012,20210817001416,https://dart.fss.or.kr/dsaf001/main.do?rcpNo=20210817001416,,
2021,quarterly_q1,11013,20210517001185,https://dart.fss.or.kr/dsaf001/main.do?rcpNo=20210517001185,,
2021,quarterly_q3,11014,20211115001965,https://dart.fss.or.kr/dsaf001/main.do?rcpNo=20211115001965,,
2022,annual,11011,20230307000542,https://dart.fss.or.kr/dsaf001/main.do?rcpNo=20230307000542,,
2022,half_year,11012,20220816001711,https://dart.fss.or.kr/dsaf001/main.do?rcpNo=20220816001711,,
2022,quarterly_q1,11013,20220516001751,https://dart.fss.or.kr/dsaf001/main.do?rcpNo=20220516001751,,
2022,quarterly_q3,11014,20221114001832,https://dart.fss.or.kr/dsaf001/main.do?rcpNo=20221114001832,,
2023,annual,11011,20240312000736,https://dart.fss.or.kr/dsaf001/main.do?rcpNo=20240312000736,,
2023,half_year,11012,20230814002534,https://dart.fss.or.kr/dsaf001/main.do?rcpNo=20230814002534,,
2023,quarterly_q1,11013,20230515002335,https://dart.fss.or.kr/dsaf001/main.do?rcpNo=20230515002335,,
2023,quarterly_q3,11014,20231114002109,https://dart.fss.or.kr/dsaf001/main.do?rcpNo=20231114002109,,
2024,annual,11011,20250311001085,https://dart.fss.or.kr/dsaf001/main.do?rcpNo=20250311001085,,
2024,half_year,11012,20240814003284,https://dart.fss.or.kr/dsaf001/main.do?rcpNo=20240814003284,,
2024,quarterly_q1,11013,20240516001421,https://dart.fss.or.kr/dsaf001/main.do?rcpNo=20240516001421,,
2024,quarterly_q3,11014,20241114002642,https://dart.fss.or.kr/dsaf001/main.do?rcpNo=20241114002642,,
2025,annual,11011,20260310002820,https://dart.fss.or.kr/dsaf001/main.do?rcpNo=20260310002820,,
2025,half_year,11012,20250814003156,https://dart.fss.or.kr/dsaf001/main.do?rcpNo=20250814003156,,
2025,quarterly_q1,11013,20250515001922,https://dart.fss.or.kr/dsaf001/main.do?rcpNo=20250515001922,,
2025,quarterly_q3,11014,20251114002447,https://dart.fss.or.kr/dsaf001/main.do?rcpNo=20251114002447,,
2026,half_year,11012,20260814003699,https://dart.fss.or.kr/dsaf001/main.do?rcpNo=20260814003699,,
2026,quarterly_q1,11013,20260515002181,https://dart.fss.or.kr/dsaf001/main.do?rcpNo=20260515002181,,
2010,half_year,11012,20100830000360,https://dart.fss.or.kr/dsaf001/main.do?rcpNo=20100830000360,반기보고서 (2010.06),20100830
2011,half_year,11012,20110916000072,https://dart.fss.or.kr/dsaf001/main.do?rcpNo=20110916000072,[기재정정]반기보고서 (2011.06),20110916
2012,half_year,11012,20120814001232,https://dart.fss.or.kr/dsaf001/main.do?rcpNo=20120814001232,반기보고서 (2012.06),20120814
2013,annual,11011,20130401003031,https://dart.fss.or.kr/dsaf001/main.do?rcpNo=20130401003031,사업보고서 (2012.12),20130401
2013,half_year,11012,20130814000618,https://dart.fss.or.kr/dsaf001/main.do?rcpNo=20130814000618,반기보고서 (2013.06),20130814
2014,annual,11011,20140331002427,https://dart.fss.or.kr/dsaf001/main.do?rcpNo=20140331002427,사업보고서 (2013.12),20140331
2014,half_year,11012,20140814000743,https://dart.fss.or.kr/dsaf001/main.do?rcpNo=20140814000743,반기보고서 (2014.06),20140814
