year,period,reprt_code,rcept_no,fs_div,source,revenue,cost_of_sales,gross_profit,sga,operating_income,pretax_income,net_income,controlling_net_income,cfo,cfi,cff,capex,interest_expense,income_tax,depreciation_amortization,total_assets,cash,receivables,inventory,current_assets,current_liabilities,payables,ppe,total_liabilities,interest_bearing_debt,total_equity,ebitda,raw_account_count,raw_fact_count,xbrl_note,fcf,net_debt,gross_margin,operating_margin,net_margin,ebitda_margin,roa,roe,current_ratio,quick_ratio,debt_ratio,equity_ratio,debt_to_assets,interest_coverage,net_debt_to_ebitda,roic,dso,dio,dpo,ccc,asset_turnover,revenue_growth,cfo_to_net_income,report_basis
2011,Q2,11012,20110916000072,CFS,OpenDART fnlttXbrl/document XBRL,39438854.0,26827122.0,12611732.0,,,4164585.0,3506364.0,3456956.0,12596840.0,-12421929.0,-392881.0,,,,,134288744.0,9791419.0,,13364524.0,61402589.0,39944721.0,,52964594.0,44939653.0,,85589559.0,,,1255.0,Historical XBRL values are retained for audit; verify units against the source filing when comparing with structured API values.,,,31.97793728996284,,8.890633586868422,,,,153.7189081881433,120.26136069394502,52.50599900859403,63.735467657661616,,,,,,181.832820531401,,,,,3.592564833542667,derived from cumulative DART filing
2011,half_year,11012,20110916000072,CFS,OpenDART fnlttXbrl/document XBRL,39438854.0,26827122.0,12611732.0,,,4164585.0,3506364.0,3456956.0,12596840.0,-12421929.0,-392881.0,,,,,134288744.0,9791419.0,,13364524.0,61402589.0,39944721.0,,52964594.0,44939653.0,,85589559.0,,,1255.0,Historical XBRL values are retained for audit; verify units against the source filing when comparing with structured API values.,,,31.97793728996284,,8.890633586868422,,2.6110632176290216,4.0967193206358266,153.7189081881433,120.26136069394502,52.50599900859403,63.735467657661616,,,,,,181.832820531401,,,0.29368696753914086,0.0,3.592564833542667,
2012,Q2,11012,20120814001232,CFS,OpenDART fnlttXbrl/document XBRL,165001771.0,112145120.0,52856651.0,,,17159015.0,13734067.0,13359192.0,22917901.0,-21112564.0,3109729.0,,,,,117457591.0,2718731.0,,5451432.0,39496344.0,26969912.0,,43032531.0,28555098.0,,4403893.0,,,1273.0,Historical XBRL values are retained for audit; verify units against the source filing when comparing with structured API values.,,,32.03399010790011,,8.323587629856409,,10.91103630168042,30.52236956084316,146.44595058374682,126.23293691132548,648.4058082246776,3.749347285693949,,,,,,17.742837851526666,,,1.310857383484848,318.37364493400344,1.6686900537182467,derived from cumulative DART filing
2012,half_year,11012,20120814001232,CFS,OpenDART fnlttXbrl/document XBRL,165001771.0,112145120.0,52856651.0,,,17159015.0,13734067.0,13359192.0,22917901.0,-21112564.0,3109729.0,,,,,117457591.0,2718731.0,,5451432.0,39496344.0,26969912.0,,43032531.0,28555098.0,,4403893.0,,,1273.0,Historical XBRL values are retained for audit; verify units against the source filing when comparing with structured API values.,,,32.03399010790011,,8.323587629856409,,11.692787910148779,311.86195940727896,146.44595058374682,126.23293691132548,648.4058082246776,3.749347285693949,,,,,,17.742837851526666,,,1.4047774145138052,0.0,1.6686900537182467,
2013,Q2,11012,20130814000618,CFS,OpenDART fnlttXbrl/document XBRL,66485103.0,47999102.0,18486001.0,,,9566861.0,7621608.0,9909936.0,8626043.0,-5480038.0,-3160153.0,,,,,145540081.0,1797856.0,,6593304.0,54839658.0,27775150.0,,39186311.0,30870105.0,,-4140525.0,,,1227.0,Historical XBRL values are retained for audit; verify units against the source filing when comparing with structured API values.,,,27.804726421195436,,11.463632687761647,,5.795950923854566,5787.801099602078,197.44144676086358,173.70330673281694,-745.5601644718967,-2.8449379521782734,,,,,,50.137520489445826,,,0.5055946122595336,-59.70643066612904,1.1317878064576399,derived from cumulative DART filing
2013,Q4,11011,20130401003031,CFS,OpenDART fnlttXbrl/document XBRL,112249475.0,77980673.0,34268802.0,,,15063395.0,13262281.0,15831674.0,18145464.0,-17525376.0,-935946.0,,,,,107179005.0,1826362.0,,4750964.0,36243130.0,24991737.0,,38708906.0,27318781.0,,-4720058.0,,,951.0,Historical XBRL values are retained for audit; verify units against the source filing when comparing with structured API values.,,,30.52914234120026,,11.815004925412792,,10.495670279529264,-299.35459100151763,145.02045215984788,126.01031292862916,-578.7806209160989,-4.4039016783184355,,,,,,22.237585202682208,,,0.888333974110685,68.8340243678347,1.3682008396594825,derived from cumulative DART filing
2013,annual,11011,20130401003031,CFS,OpenDART fnlttXbrl/document XBRL,112249475.0,77980673.0,34268802.0,,,15063395.0,13262281.0,15831674.0,18145464.0,-17525376.0,-935946.0,,,,,107179005.0,1826362.0,,4750964.0,36243130.0,24991737.0,,38708906.0,27318781.0,,-4720058.0,,,951.0,Historical XBRL values are retained for audit; verify units against the source filing when comparing with structured API values.,,,30.52914234120026,,11.815004925412792,,12.373954208662415,-280.97707697659644,145.02045215984788,126.01031292862916,-578.7806209160989,-4.4039016783184355,,,,,,22.237585202682208,,,1.0473084257499872,0.0,1.3682008396594825,
2013,half_year,11012,20130814000618,CFS,OpenDART fnlttXbrl/document XBRL,66485103.0,47999102.0,18486001.0,,,9566861.0,7621608.0,9909936.0,8626043.0,-5480038.0,-3160153.0,,,,,145540081.0,1797856.0,,6593304.0,54839658.0,27775150.0,,39186311.0,30870105.0,,-4140525.0,,,1227.0,Historical XBRL values are retained for audit; verify units against the source filing when comparing with structured API values.,,,27.804726421195436,,11.463632687761647,,6.031683732822617,-172.03400724309,197.44144676086358,173.70330673281694,-745.5601644718967,-2.8449379521782734,,,,,,50.137520489445826,,,0.5261581469948811,-40.77023255565337,1.1317878064576399,
2014,Q2,11012,20140814000743,CFS,OpenDART fnlttXbrl/document XBRL,158372089.0,110731528.0,47640561.0,,,24217259.0,17929520.0,29821215.0,28443058.0,-27325848.0,-1356325.0,,,,,133264055.0,2269422.0,,5326417.0,43952271.0,24770263.0,,39808935.0,27376186.0,,5694694.0,,,1209.0,Historical XBRL values are retained for audit; verify units against the source filing when comparing with structured API values.,,,30.081412261980077,,11.321136264105224,,12.861731721225256,2307.280611053238,177.439662227244,155.93639034030443,480.73146687073967,4.273240822515869,,,,,,17.557259798672696,,,1.1360813456511993,138.20687921623588,1.5863814536027736,derived from cumulative DART filing
2014,Q4,11011,20140331002427,CFS,OpenDART fnlttXbrl/document XBRL,141206377.0,99431997.0,41774380.0,,,20747858.0,17398530.0,13382645.0,37972809.0,-44747019.0,-1864508.0,,,,,133264055.0,2269422.0,,5326417.0,43952271.0,24770263.0,,39808935.0,27376186.0,,121480206.0,,,929.0,Historical XBRL values are retained for audit; verify units against the source filing when comparing with structured API values.,,,29.583918862247984,,12.321348631443183,,13.055681068687278,27.36157842467342,177.439662227244,155.93639034030443,22.53551167010698,91.15751880730329,,,,,,19.552480727104374,,,1.0595983815740861,-10.838849262132289,2.1825297309600296,derived from cumulative DART filing
2014,annual,11011,20140331002427,CFS,OpenDART fnlttXbrl/document XBRL,141206377.0,99431997.0,41774380.0,,,20747858.0,17398530.0,13382645.0,37972809.0,-44747019.0,-1864508.0,,,,,133264055.0,2269422.0,,5326417.0,43952271.0,24770263.0,,39808935.0,27376186.0,,121480206.0,,,929.0,Historical XBRL values are retained for audit; verify units against the source filing when comparing with structured API values.,,,29.583918862247984,,12.321348631443183,,13.055681068687278,14.322111044164675,177.439662227244,155.93639034030443,22.53551167010698,91.15751880730329,,,,,,19.552480727104374,,,1.0595983815740861,0.0,2.1825297309600296,
2014,half_year,11012,20140814000743,CFS,OpenDART fnlttXbrl/document XBRL,158372089.0,110731528.0,47640561.0,,,24217259.0,17929520.0,29821215.0,28443058.0,-27325848.0,-1356325.0,,,,,133264055.0,2269422.0,,5326417.0,43952271.0,24770263.0,,39808935.0,27376186.0,,5694694.0,,,1209.0,Historical XBRL values are retained for audit; verify units against the source filing when comparing with structured API values.,,,30.081412261980077,,11.321136264105224,,13.45413059808213,28.196633140659046,177.439662227244,155.93639034030443,480.73146687073967,4.273240822515869,,,,,,17.557259798672696,,,1.1884081495193883,12.156470808680254,1.5863814536027736,
2015,Q4,11011,20160330003536,CFS,OpenDART fnlttSinglAcntAll,200653482000000.0,123482118000000.0,77171364000000.0,50757922000000.0,26413442000000.0,25960995000000.0,19060144000000.0,18694628000000.0,40061761000000.0,-27167787000000.0,-6573509000000.0,27382103000000.0,10031771000000.0,6900851000000.0,,242179521000000.0,22636744000000.0,25168026000000.0,18811794000000.0,124814725000000.0,50502909000000.0,6187291000000.0,86477110000000.0,63119716000000.0,12652415000000.0,179059805000000.0,,184.0,,,12679658000000.0,-9984329000000.0,38.4600173546951,13.163709763083006,9.499034758838624,,15.740499802033916,21.28913677061628,247.14363483497556,209.89470329323007,35.25063371983455,73.93680698542632,5.22439508830311,2.6329789625381204,,,45.78205869360393,55.60566113710488,15.871102760433711,85.5166170702751,1.6570630807922626,126697402.86617738,2.101860353206146,derived from cumulative DART filing
2015,annual,11011,20160330003536,CFS,OpenDART fnlttSinglAcntAll,200653482000000.0,123482118000000.0,77171364000000.0,50757922000000.0,26413442000000.0,25960995000000.0,19060144000000.0,18694628000000.0,40061761000000.0,-27167787000000.0,-6573509000000.0,27382103000000.0,10031771000000.0,6900851000000.0,,242179521000000.0,22636744000000.0,25168026000000.0,18811794000000.0,124814725000000.0,50502909000000.0,6187291000000.0,86477110000000.0,63119716000000.0,12652415000000.0,179059805000000.0,,184.0,,,12679658000000.0,-9984329000000.0,38.4600173546951,13.163709763083006,9.499034758838624,,7.870254231777096,10.644568723840617,247.14363483497556,209.89470329323007,35.25063371983455,73.93680698542632,5.22439508830311,2.6329789625381204,,11.46962513552011,45.78205869360393,55.60566113710488,18.288973752458634,83.09874607825019,0.8285319963119425,0.0,2.101860353206146,
2016,Q1,11013,20160516003174,CFS,OpenDART fnlttSinglAcntAll,49782252000000.0,30373858000000.0,19408394000000.0,12732582000000.0,6675812000000.0,7122485000000.0,5252803000000.0,5263506000000.0,8718290000000.0,-2390665000000.0,-4261569000000.0,5086475000000.0,3006360000000.0,1869682000000.0,,241239789000000.0,24769756000000.0,25505630000000.0,18749882000000.0,126587169000000.0,49049500000000.0,7829743000000.0,85565347000000.0,62913603000000.0,11044580000000.0,178326186000000.0,,187.0,,,3631815000000.0,-13725176000000.0,38.986572965803155,13.410024118635693,10.55155761133506,,2.1731870826591515,2.9395684958451547,258.0804473032345,219.85399851170757,35.28006986029522,73.92071877496129,4.578258025254698,2.2205630729520083,,2.9509921920567583,187.00550047434578,225.3156951612798,94.28151511618556,318.03968051944,0.2059588889819068,-75.18993864257985,1.6597405232977518,reported
2016,Q2,11012,20160816001779,CFS,OpenDART fnlttSinglAcntAll,50937120000000.0,29609118000000.0,21328002000000.0,13184052000000.0,8143950000000.0,8071959000000.0,5847393000000.0,5826178000000.0,13344845000000.0,-7786329000000.0,-4506919000000.0,4274819000000.0,1822601000000.0,2224566000000.0,,243960673000000.0,25840759000000.0,26081803000000.0,17858721000000.0,130163049000000.0,48008164000000.0,7344748000000.0,84634963000000.0,62118157000000.0,10855065000000.0,181842516000000.0,,187.0,,,9070026000000.0,-14985694000000.0,41.87123653634128,15.988241973633373,11.479630179326982,,2.410299848395445,3.2470300542660704,271.12690458231225,233.92756282035697,34.160414388459074,74.5376350064422,4.449514287083476,4.468312044161064,,3.5597552983106393,186.8943139109553,220.14952167774806,93.35040859626609,313.69342699243725,0.20996319661377405,2.3198388052031005,2.2821871216796956,derived from cumulative DART filing
2016,Q3,11014,20161114001491,CFS,OpenDART fnlttSinglAcntAll,47815633000000.0,29411256000000.0,18404377000000.0,13204288000000.0,5200089000000.0,5970702000000.0,4537855000000.0,4408790000000.0,14336597000000.0,-12180872000000.0,-1491940000000.0,5593569000000.0,2075981000000.0,1432847000000.0,,244471456000000.0,25267569000000.0,21693242000000.0,18378245000000.0,132166769000000.0,50459481000000.0,7857285000000.0,83873784000000.0,64935077000000.0,11637696000000.0,179536379000000.0,,187.0,,,8743028000000.0,-13629873000000.0,38.49029249492525,10.875290514296863,9.490316692032499,,1.8581312450885064,2.5114111879721146,261.92653269660065,225.5047450844768,36.168200206377115,73.43858540278829,4.760349609076652,2.504882751817093,,2.3753659784862884,165.59507494128542,228.07796528648757,95.8180516845869,297.85498854318604,0.19579233289954193,-6.128118354551648,3.159333429560883,derived from cumulative DART filing
2016,Q4,11011,20170331004518,CFS,OpenDART fnlttSinglAcntAll,53331740000000.0,30883483000000.0,22448257000000.0,13227436000000.0,9220821000000.0,9548506000000.0,7088041000000.0,6917181000000.0,10985912000000.0,-7300809000000.0,1590914000000.0,10235778000000.0,3801671000000.0,2460465000000.0,,262174324000000.0,32111442000000.0,24279211000000.0,18353503000000.0,141429704000000.0,54704095000000.0,6485039000000.0,91473041000000.0,69211291000000.0,14049569000000.0,192963033000000.0,,188.0,,,750134000000.0,-18061873000000.0,42.09173936571355,17.289555900482526,13.290473927908597,,2.798026266003834,3.8056656046479875,258.535862808808,224.9853525590726,35.867642586235675,73.60104149634424,5.358865347927816,2.4254652756643065,,4.01680757721723,166.16581448495774,216.91298857062205,76.70563212543246,306.37317093014735,0.21052870508464513,11.53619988676089,1.5499221858338574,derived from cumulative DART filing
2016,annual,11011,20170331004518,CFS,OpenDART fnlttSinglAcntAll,201866745000000.0,120277715000000.0,81589030000000.0,52348358000000.0,29240672000000.0,30713652000000.0,22726092000000.0,22415655000000.0,47385644000000.0,-29658675000000.0,-8669514000000.0,25190641000000.0,10706613000000.0,7987560000000.0,,262174324000000.0,32111442000000.0,24279211000000.0,18353503000000.0,141429704000000.0,54704095000000.0,6485039000000.0,91473041000000.0,69211291000000.0,14049569000000.0,192963033000000.0,,188.0,,,22195003000000.0,-18061873000000.0,40.41727130439439,14.485135726540793,11.257967229817869,,8.668313377628849,11.777433038171617,258.535862808808,224.9853525590726,35.867642586235675,73.60104149634424,5.358865347927816,2.731085171379595,,12.370520138094342,43.89981130869277,55.696340714487306,19.679782202380547,79.91636982079953,0.7699714522769209,278.51145490471527,2.085076659902635,
2016,half_year,11012,20160816001779,CFS,OpenDART fnlttSinglAcntAll,100719372000000.0,59982976000000.0,40736396000000.0,25916634000000.0,14819762000000.0,15194444000000.0,11100196000000.0,11089684000000.0,22063135000000.0,-10176994000000.0,-8768488000000.0,9361294000000.0,4828961000000.0,4094248000000.0,,243960673000000.0,25840759000000.0,26081803000000.0,17858721000000.0,130163049000000.0,48008164000000.0,7344748000000.0,84634963000000.0,62118157000000.0,10855065000000.0,181842516000000.0,,187.0,,,12701841000000.0,-14985694000000.0,40.445442809154926,14.71391422099018,11.020914626036388,,4.386259028043461,5.923175913278701,271.12690458231225,233.92756282035697,34.160414388459074,74.5376350064422,4.449514287083476,3.0689338762520553,,6.335755257176909,94.51864031678036,108.67138644471392,45.064958939583875,158.1250678219104,0.3979941027472558,-50.10601077458301,1.9876347228463354,
2017,Q1,11013,20170515003806,CFS,OpenDART fnlttSinglAcntAll,50547526000000.0,28155597000000.0,22391929000000.0,12493568000000.0,9898361000000.0,10164576000000.0,7684354000000.0,7488532000000.0,10597271000000.0,-8165139000000.0,-5188892000000.0,9072790000000.0,1889464000000.0,2480222000000.0,,264217372000000.0,27562938000000.0,22340688000000.0,21857598000000.0,129284204000000.0,56843132000000.0,9569549000000.0,95322418000000.0,74399417000000.0,12110262000000.0,189817955000000.0,,192.0,,,1524481000000.0,-15452676000000.0,44.29876350427121,19.582285787834603,15.20223561485482,,3.0242762652211783,4.135147318370589,227.4403247168013,188.987837615985,39.19514199802648,71.8415876909108,4.583446541887488,5.238713730454775,,4.386056561045122,161.3204792653947,283.35478981319415,108.62828560031801,336.0469834782708,0.19893628423085455,-49.813501617146706,1.3790711620000848,reported
2017,Q2,11012,20170814001832,CFS,OpenDART fnlttSinglAcntAll,61000537000000.0,32399829000000.0,28600708000000.0,14534161000000.0,14066547000000.0,14412265000000.0,11053851000000.0,10799942000000.0,12426162000000.0,-7937583000000.0,-3982514000000.0,12482233000000.0,1524619000000.0,3358414000000.0,,277589436000000.0,29007086000000.0,27585923000000.0,23020912000000.0,132172681000000.0,58468431000000.0,9075774000000.0,103695240000000.0,76883688000000.0,16685219000000.0,200705748000000.0,,180.0,,,-56071000000.0,-12321867000000.0,46.88599380690698,23.05971011369949,18.120907689714272,,4.08036622529852,5.661039734635518,226.0581971149525,186.68496337792953,38.306669722284184,72.30309297505111,6.010754314151926,9.226270300973555,,5.94829431983279,165.06185666857326,259.3418897365168,98.69926395153159,325.70448245355846,0.2251744943005589,20.67956995560969,1.1241477743819779,derived from cumulative DART filing
2017,Q3,11014,20171114001694,CFS,OpenDART fnlttSinglAcntAll,62048901000000.0,33004119000000.0,29044782000000.0,14511623000000.0,14533159000000.0,14914740000000.0,11193411000000.0,11039771000000.0,17447062000000.0,-14954628000000.0,-1273582000000.0,11396068000000.0,2407343000000.0,3721329000000.0,,296578579000000.0,30788226000000.0,30351245000000.0,27032501000000.0,145322337000000.0,66172585000000.0,11367405000000.0,109006091000000.0,85887328000000.0,18544397000000.0,210691251000000.0,,182.0,,,6050994000000.0,-12243829000000.0,46.80950271786442,23.422105413277183,18.039660364008704,,3.8990019323873346,5.441659043312564,219.61109272064857,178.75958147924854,40.76454413382357,71.04061652409494,6.252776941115494,6.037012174833416,,5.639169823319938,178.53989750761258,298.95852893391884,112.09032730104742,365.408099140484,0.21613499665250424,1.7186143787553787,1.5586903759720785,derived from cumulative DART filing
2017,Q4,11011,20180402005019,CFS,OpenDART fnlttSinglAcntAll,65978412000000.0,35731116000000.0,30247296000000.0,15100325000000.0,15146971000000.0,16704386000000.0,12255131000000.0,12016324000000.0,21691546000000.0,-18327866000000.0,-2115879000000.0,10824883000000.0,3157487000000.0,4449255000000.0,,301752090000000.0,30545130000000.0,27695995000000.0,24983355000000.0,146982464000000.0,67175114000000.0,9083907000000.0,111665648000000.0,87260662000000.0,18535426000000.0,214491428000000.0,,197.0,,,10866663000000.0,-12009704000000.0,45.844231595025356,22.957465238781435,18.574455838676446,,4.096440859527459,5.764642637288618,218.80493422013396,181.61354962494,40.68258709154568,71.08200244777095,6.14260070245081,4.797160210002448,,5.543392139114769,153.2173610816823,255.20962107648694,98.43919625247572,309.98778590569356,0.22054163498010496,6.332926025555241,1.7699970730627033,derived from cumulative DART filing
2017,annual,11011,20180402005019,CFS,OpenDART fnlttSinglAcntAll,239575376000000.0,129290661000000.0,110284715000000.0,56639677000000.0,53645038000000.0,56195967000000.0,42186747000000.0,41344569000000.0,62162041000000.0,-49385216000000.0,-12560867000000.0,43775974000000.0,8978913000000.0,14009220000000.0,,301752090000000.0,30545130000000.0,27695995000000.0,24983355000000.0,146982464000000.0,67175114000000.0,9083907000000.0,111665648000000.0,87260662000000.0,18535426000000.0,214491428000000.0,,197.0,,,18386067000000.0,-12009704000000.0,46.03340996113056,22.391716083542743,17.608966206944405,,13.980598112841571,19.668267116017336,218.80493422013396,181.61354962494,40.68258709154568,71.08200244777095,6.14260070245081,5.974558167564381,,19.889076444709797,42.195647748873824,70.53041963332525,25.644745176142305,87.08132220605677,0.7939476939496922,263.1117644965447,1.4734969017639592,
2017,half_year,11012,20170814001832,CFS,OpenDART fnlttSinglAcntAll,111548063000000.0,60555426000000.0,50992637000000.0,27027729000000.0,23964908000000.0,24576841000000.0,18738205000000.0,18288474000000.0,23023433000000.0,-16102722000000.0,-9171406000000.0,21555023000000.0,3414083000000.0,5838636000000.0,,277589436000000.0,29007086000000.0,27585923000000.0,23020912000000.0,132172681000000.0,58468431000000.0,9075774000000.0,103695240000000.0,76883688000000.0,16685219000000.0,200705748000000.0,,180.0,,,1468410000000.0,-12321867000000.0,45.713601499292736,21.483930205045336,16.798323965517895,,6.46879402185301,9.026171700165898,226.0581971149525,186.68496337792953,38.306669722284184,72.30309297505111,6.010754314151926,7.019427471446945,,9.349324470960411,90.26478474126439,138.75937195124348,56.53676157774729,172.48739511476057,0.3850856808769479,-53.439262055045255,1.2286893541830715,
2018,Q1,11013,20180515001699,CFS,OpenDART fnlttSinglAcntAll,60563714000000.0,31909472000000.0,28654242000000.0,13012072000000.0,15642170000000.0,16175907000000.0,11688544000000.0,11611833000000.0,15616352000000.0,-7373336000000.0,-6929313000000.0,10052333000000.0,1939540000000.0,4487363000000.0,,312473113000000.0,32303752000000.0,35370654000000.0,26470871000000.0,154941953000000.0,68298586000000.0,9301132000000.0,114412258000000.0,89213233000000.0,12845585000000.0,223259880000000.0,,205.0,,,5564019000000.0,-19458167000000.0,47.31255748285186,25.8276267535376,19.299582585044238,,3.961798294031367,5.513911141872095,226.85967905689876,188.1021109280359,39.959366187959965,71.4493089842261,4.110940898777425,8.064886519484002,,5.764041977657042,213.1687087420035,302.789965155174,96.01153310413846,419.947140793039,0.20527896272230625,-45.70617151819122,1.336039116591425,reported
2018,Q2,11012,20180814001113,CFS,OpenDART fnlttSinglAcntAll,58482658000000.0,31274597000000.0,27208061000000.0,12339026000000.0,14869035000000.0,15406836000000.0,11043412000000.0,10981547000000.0,13437774000000.0,-12181739000000.0,-2391133000000.0,8527439000000.0,2832745000000.0,4363424000000.0,,318688380000000.0,31362222000000.0,35013060000000.0,27358767000000.0,156976839000000.0,65602323000000.0,8410278000000.0,116576140000000.0,85563535000000.0,14247403000000.0,233124845000000.0,,205.0,,,4910335000000.0,-17114819000000.0,46.5232975560037,25.424690854509386,18.883225177624453,,3.4993934587197635,4.8395186758277235,239.2854884117442,197.5815277151085,36.702881239449184,73.15134772093039,4.4706377433654785,5.248984642105096,,5.077477600190015,218.52233357793006,319.29907697931327,95.445072308294,442.3763382489493,0.1853175729147342,-3.436143298609462,1.2168136079682619,derived from cumulative DART filing
2018,Q3,11014,20181114001530,CFS,OpenDART fnlttSinglAcntAll,65459993000000.0,35194358000000.0,30265635000000.0,12690770000000.0,17574865000000.0,17969344000000.0,13150715000000.0,12967428000000.0,15549657000000.0,-16922190000000.0,3631369000000.0,5812674000000.0,2249387000000.0,4818629000000.0,,337195786000000.0,33088093000000.0,41940008000000.0,28242807000000.0,176282049000000.0,74705872000000.0,10209231000000.0,115003148000000.0,95092626000000.0,19886060000000.0,242103160000000.0,,205.0,,,9736983000000.0,-13202033000000.0,46.23531658489484,26.848253711240083,20.089698145858343,,4.010072412694896,5.5344865460948585,235.96812978770933,198.16279234382003,39.27773020393455,71.798987428627,5.8974817674619455,7.8131797685324935,,5.781836996903513,233.85433175955274,292.9056002385382,103.28533198730166,423.47460001078923,0.19960839548610174,11.930605137680296,1.1824191308229248,derived from cumulative DART filing
2018,Q4,11011,20190401004781,CFS,OpenDART fnlttSinglAcntAll,59265050000000.0,34015984000000.0,25249066000000.0,14448467000000.0,10800599000000.0,11607871000000.0,8462186000000.0,8330069000000.0,22428080000000.0,-15763188000000.0,-9401145000000.0,6184477000000.0,1587224000000.0,3145685000000.0,,339357244000000.0,30340505000000.0,33867733000000.0,28984704000000.0,174697424000000.0,69081510000000.0,8479916000000.0,115416724000000.0,91604067000000.0,14633717000000.0,247753177000000.0,,218.0,,,16243603000000.0,-15706788000000.0,42.60363570097385,18.224229963528252,14.278543593568216,,2.5015588208953847,3.4549664302903564,252.88593720664184,210.92868410085418,36.97392223551587,73.00659743688867,4.312186422636082,6.804709984224029,,3.416302766659382,208.58368540986635,311.0131096016508,89.04942565399772,430.54736935751936,0.1751970573540998,-9.46370861970609,2.6503884457278533,derived from cumulative DART filing
2018,annual,11011,20190401004781,CFS,OpenDART fnlttSinglAcntAll,243771415000000.0,132394411000000.0,111377004000000.0,52490335000000.0,58886669000000.0,61159958000000.0,44344857000000.0,43890877000000.0,67031863000000.0,-52240453000000.0,-15090222000000.0,30576923000000.0,8608896000000.0,16815101000000.0,,339357244000000.0,30340505000000.0,33867733000000.0,28984704000000.0,174697424000000.0,69081510000000.0,8479916000000.0,115416724000000.0,91604067000000.0,14633717000000.0,247753177000000.0,,218.0,,,36454940000000.0,-15706788000000.0,45.68911576445499,24.1565111315451,18.191163635818416,,13.067308208101785,17.898804583240523,252.88593720664184,210.92868410085418,36.97392223551587,73.00659743688867,4.312186422636082,6.840211451038553,,18.40001827400845,50.71030393370773,79.90833510336022,23.37839880567164,107.2402402313963,0.7183327284447183,311.324068738658,1.5116039950247218,
2018,half_year,11012,20180814001113,CFS,OpenDART fnlttSinglAcntAll,119046372000000.0,63184069000000.0,55862303000000.0,25351098000000.0,30511205000000.0,31582743000000.0,22731956000000.0,22593380000000.0,29054126000000.0,-19555075000000.0,-9320446000000.0,18579772000000.0,4772285000000.0,8850787000000.0,,318688380000000.0,31362222000000.0,35013060000000.0,27358767000000.0,156976839000000.0,65602323000000.0,8410278000000.0,116576140000000.0,85563535000000.0,14247403000000.0,233124845000000.0,,205.0,,,10474354000000.0,-17114819000000.0,46.92482606693802,25.62968067603102,19.09504306439511,,6.9089300713897,9.454354310249597,239.2854884117442,197.5815277151085,36.702881239449184,73.15134772093039,4.4706377433654785,6.393416361344722,,9.8026527020086,107.35116648493916,158.0453762007635,49.867521483595375,215.52902120210732,0.36181798847430674,-51.16475325870344,1.2781181698574464,
2019,Q1,11013,20190515001605,CFS,OpenDART fnlttSinglAcntAll,52385546000000.0,32746452000000.0,19639094000000.0,13405812000000.0,6233282000000.0,6912978000000.0,5043585000000.0,5107490000000.0,5244311000000.0,-5244570000000.0,-4097535000000.0,4464768000000.0,1379172000000.0,1869393000000.0,,345067883000000.0,26676045000000.0,36709252000000.0,31455994000000.0,177388524000000.0,67354091000000.0,9802812000000.0,116392356000000.0,91852732000000.0,12497852000000.0,253215151000000.0,,189.0,,,779543000000.0,-14178193000000.0,37.489528122890995,11.898858513376954,9.627817948103472,,1.519709954134173,2.0740983844561285,263.36711158346714,216.66468633657308,36.274579794002925,73.38125727568799,3.621853152876589,4.519582764151244,,1.9987786428650982,255.7743118683921,350.61623805840094,97.11371060419889,509.2768393225941,0.15784573018785963,-55.99568040595139,1.0397982784071251,reported
2019,Q2,11012,20190814002218,CFS,OpenDART fnlttSinglAcntAll,56127104000000.0,35944684000000.0,20182420000000.0,13585355000000.0,6597065000000.0,7179364000000.0,5180576000000.0,5064530000000.0,6594865000000.0,-3284060000000.0,-2778625000000.0,6781909000000.0,2681052000000.0,1998788000000.0,,342940134000000.0,27531931000000.0,36061645000000.0,31246985000000.0,173433478000000.0,59309271000000.0,9073058000000.0,116624189000000.0,85193101000000.0,14722651000000.0,257747033000000.0,,192.0,,,-187044000000.0,-12809280000000.0,35.95842037387142,11.753795456825992,9.230078929424188,,1.5059638469299987,2.027772763708087,292.4222049534212,239.73738102429212,33.05298998339973,75.15802539460138,4.293067372511145,2.4606255305753115,,1.9672074747514041,234.51237436016652,317.2972538859988,92.67115200706297,459.13847623910243,0.1631582848256258,7.142348005688448,1.2729984078990444,derived from cumulative DART filing
2019,Q3,11014,20191114001273,CFS,OpenDART fnlttSinglAcntAll,62003471000000.0,39993890000000.0,22009581000000.0,14231689000000.0,7777892000000.0,8620728000000.0,6287664000000.0,6105039000000.0,13826599000000.0,-12933588000000.0,-2203273000000.0,7065317000000.0,2255883000000.0,2333064000000.0,,353385985000000.0,26604994000000.0,40367204000000.0,30908762000000.0,186042134000000.0,63303192000000.0,11422269000000.0,116855571000000.0,89943741000000.0,15340871000000.0,263442244000000.0,,192.0,,,6761282000000.0,-11264123000000.0,35.497336915218824,12.544284819151496,10.140825825702564,,1.8059537990704038,2.4128140303239585,293.8906050740696,245.0640593289514,34.14173051152722,74.5480169509269,4.341109056715988,3.44782597324418,,2.2823363969393147,237.63233287375152,282.0855418165125,105.13322559925672,414.5846490910073,0.17808744870591303,10.469749160761976,2.199004113451355,derived from cumulative DART filing
2019,Q4,11011,20200330003851,CFS,OpenDART fnlttSinglAcntAll,59884760000000.0,38554523000000.0,21330237000000.0,14169967000000.0,7160270000000.0,7719119000000.0,5227040000000.0,5227995000000.0,19717140000000.0,-18485953000000.0,-405077000000.0,10305676000000.0,1958764000000.0,2492079000000.0,,352564497000000.0,26885999000000.0,35131343000000.0,26766464000000.0,181385260000000.0,63782764000000.0,8718222000000.0,119825474000000.0,89684076000000.0,17565947000000.0,262880421000000.0,,210.0,,,9411464000000.0,-9320052000000.0,35.6188068550329,11.95674826116027,8.72849786823893,,1.4808517405332688,1.9862492526328883,284.37974246459436,242.41469999638147,34.11592071362362,74.56236326597569,4.982335756853022,3.655504185292358,,1.9174386380279522,214.12693638581834,253.40112131590888,92.4715280688767,375.0565296328505,0.16965711201256747,-3.417084504833612,3.7721425510422724,derived from cumulative DART filing
2019,annual,11011,20200330003851,CFS,OpenDART fnlttSinglAcntAll,230400881000000.0,147239549000000.0,83161332000000.0,55392823000000.0,27768509000000.0,30432189000000.0,21738865000000.0,21505054000000.0,45382915000000.0,-39948171000000.0,-9484510000000.0,28617670000000.0,8274871000000.0,8693324000000.0,,352564497000000.0,26885999000000.0,35131343000000.0,26766464000000.0,181385260000000.0,63782764000000.0,8718222000000.0,119825474000000.0,89684076000000.0,17565947000000.0,262880421000000.0,,210.0,,,16765245000000.0,-9320052000000.0,36.094190108587306,12.052258168231571,9.435235189052944,,6.165925719968338,8.269488049853663,284.37974246459436,242.41469999638147,34.11592071362362,74.56236326597569,4.982335756853022,3.355763370812669,,7.823027544394725,55.65490956173905,66.35282046401812,21.6120672170763,100.39566280868088,0.6534999495425655,284.74042644572677,2.087639580079273,
2019,half_year,11012,20190814002218,CFS,OpenDART fnlttSinglAcntAll,108512650000000.0,68691136000000.0,39821514000000.0,26991167000000.0,12830347000000.0,14092342000000.0,10224161000000.0,10172020000000.0,11839176000000.0,-8528630000000.0,-6876160000000.0,11246677000000.0,4060224000000.0,3868181000000.0,,342940134000000.0,27531931000000.0,36061645000000.0,31246985000000.0,173433478000000.0,59309271000000.0,9073058000000.0,116624189000000.0,85193101000000.0,14722651000000.0,257747033000000.0,,192.0,,,592499000000.0,-12809280000000.0,36.697577655692676,11.823826070048055,9.422091341424249,,2.940069855552119,3.927630370410701,292.4222049534212,239.73738102429212,33.05298998339973,75.15802539460138,4.293067372511145,3.160009644788071,,3.7346454369111304,121.29922571239389,166.0352439796599,45.258865328142015,242.0756043639118,0.3120400502408732,-52.90267574975115,1.1579606385306334,
2020,Q1,11013,20200515001451,CFS,OpenDART fnlttSinglAcntAll,55325178000000.0,34806694000000.0,20518484000000.0,14071139000000.0,6447345000000.0,6756852000000.0,4884926000000.0,4889599000000.0,11829879000000.0,-8529202000000.0,-2973613000000.0,9533473000000.0,3493966000000.0,1871926000000.0,,357457535000000.0,27916683000000.0,36388583000000.0,28454895000000.0,186739748000000.0,64763290000000.0,10722455000000.0,121677972000000.0,91069812000000.0,14830718000000.0,266387723000000.0,,170.0,,,2296406000000.0,-13085965000000.0,37.08706368735045,11.653545877430345,8.829480855895303,,1.3949007017611876,1.8639962124549512,288.34197274412713,244.40520702391743,34.186940364365064,74.52290046144921,4.148945412494942,1.8452798338621497,,1.8710540092005192,240.06850542803494,298.39193216684123,122.24721177247734,416.2132258223988,0.1579821876877206,-49.014996869028636,2.421710994189062,reported
2020,Q2,11012,20200814001766,CFS,OpenDART fnlttSinglAcntAll,52966142000000.0,31906198000000.0,21059944000000.0,12913652000000.0,8146292000000.0,7769697000000.0,5555083000000.0,5488964000000.0,14798153000000.0,-2411458000000.0,-3859066000000.0,10287846000000.0,1461840000000.0,2214614000000.0,,357959499000000.0,36109613000000.0,32989762000000.0,29645529000000.0,186136845000000.0,61863721000000.0,9545977000000.0,124294578000000.0,88151682000000.0,15895880000000.0,269807817000000.0,,172.0,,,4510307000000.0,-20213733000000.0,39.761144015359854,15.38018759229245,10.487988723060102,,1.5529635823571963,2.0720362575190387,300.8820710930078,252.96136971780277,32.6720266966913,75.37383915044535,4.440692325362764,5.5726290154873315,,2.31631912771491,227.33887489860973,339.13843589261245,105.2753811905623,461.20192960065987,0.14807067621484674,-4.263946516358253,2.663894130834769,derived from cumulative DART filing
2020,Q3,11014,20201116001248,CFS,OpenDART fnlttSinglAcntAll,66964160000000.0,39970476000000.0,26993684000000.0,14640446000000.0,12353238000000.0,12844106000000.0,9360693000000.0,9266814000000.0,14144393000000.0,-23988863000000.0,499400000000.0,9049032000000.0,2122207000000.0,3483413000000.0,,375788742000000.0,26566097000000.0,40379873000000.0,32442857000000.0,203634913000000.0,73046405000000.0,11688180000000.0,124777408000000.0,99652554000000.0,18871863000000.0,276136188000000.0,,183.0,,,5095361000000.0,-7694234000000.0,40.31064378318192,18.447536712175587,13.97866112260648,,2.5514726923890505,3.4291769537793533,278.7747227259165,234.36068619667182,36.08819065757509,73.48176172877473,5.021934105732204,5.820939239197684,,3.4758013868856907,220.09764096197128,296.2597394386797,99.7522739301742,416.6051064704768,0.18252625698628422,26.428237873168104,1.511041223123117,derived from cumulative DART filing
2020,Q4,11011,20210309000744,CFS,OpenDART fnlttSinglAcntAll,61551508000000.0,37804928000000.0,23746580000000.0,14699579000000.0,9047001000000.0,8974462000000.0,6607130000000.0,6445469000000.0,24514584000000.0,-18699068000000.0,-1994560000000.0,11401462000000.0,4240042000000.0,2367332000000.0,,378235718000000.0,29382578000000.0,30965058000000.0,32043145000000.0,198215579000000.0,75604351000000.0,9739222000000.0,128952892000000.0,102287702000000.0,19501282000000.0,275948016000000.0,,209.0,,,13113122000000.0,-9881296000000.0,38.580013344270945,14.698260520278398,10.734310522497678,,1.7524975250802872,2.393522564902074,262.17483038773787,219.79215720005323,37.06774322305691,72.95662542372585,5.1558541597068315,2.1337055151812176,,2.4922081138241925,183.62257135925898,309.370987956914,95.03530283049295,397.95825648568007,0.16326130322085308,-8.082908827647506,3.7103226363035087,derived from cumulative DART filing
2020,annual,11011,20210309000744,CFS,OpenDART fnlttSinglAcntAll,236806988000000.0,144488296000000.0,92318692000000.0,56324816000000.0,35993876000000.0,36345117000000.0,26407832000000.0,26090846000000.0,65287009000000.0,-53628591000000.0,-8327839000000.0,40271813000000.0,11318055000000.0,9937285000000.0,,378235718000000.0,29382578000000.0,30965058000000.0,32043145000000.0,198215579000000.0,75604351000000.0,9739222000000.0,128952892000000.0,102287702000000.0,19501282000000.0,275948016000000.0,,209.0,,,25015196000000.0,-9881296000000.0,38.98478367538715,15.199668009797076,11.151626995061479,,6.98184511490266,9.56985753432632,262.17483038773787,219.79215720005323,37.06774322305691,72.95662542372585,5.1558541597068315,3.1802174490228223,,9.829348597774269,47.727671659756936,80.945988351887,24.60279571710085,104.07086429454309,0.6260830924487147,284.7297908606886,2.4722593282174774,
2020,half_year,11012,20200814001766,CFS,OpenDART fnlttSinglAcntAll,108291320000000.0,66712892000000.0,41578428000000.0,26984791000000.0,14593637000000.0,14526549000000.0,10440009000000.0,10378563000000.0,26628032000000.0,-10940660000000.0,-6832679000000.0,19821319000000.0,4955806000000.0,4086540000000.0,,357959499000000.0,36109613000000.0,32989762000000.0,29645529000000.0,186136845000000.0,61863721000000.0,9545977000000.0,124294578000000.0,88151682000000.0,15895880000000.0,269807817000000.0,,172.0,,,6806713000000.0,-20213733000000.0,38.394977547600305,13.47627584556177,9.640670184831066,,2.83620669054143,3.8258900294703766,300.8820710930078,252.96136971780277,32.6720266966913,75.37383915044535,4.440692325362764,2.944755504957216,,4.067877193712829,111.19324365055297,162.19680725278707,54.17502375329929,219.21502715004073,0.29419185971157974,-54.27021773529758,2.5505755790057267,
2021,Q1,11013,20210517001185,CFS,OpenDART fnlttSinglAcntAll,65388503000000.0,41499985000000.0,23888518000000.0,14505650000000.0,9382868000000.0,9750645000000.0,7141685000000.0,7092786000000.0,13803078000000.0,-1577609000000.0,-594323000000.0,10668560000000.0,1993882000000.0,2608960000000.0,,392826274000000.0,41039591000000.0,33962077000000.0,30619976000000.0,209155353000000.0,90109462000000.0,11133583000000.0,132747712000000.0,118557683000000.0,19234804000000.0,274268591000000.0,,176.0,,,3134518000000.0,-21804787000000.0,36.533208291983684,14.349415523398662,10.921927666703121,,1.902456135113791,2.6252507533831535,232.11253109024224,198.13166457480347,43.22685385436643,69.81930923490113,4.896516672405675,4.705829131312686,,2.7376577477090187,189.5770286253533,269.30831999095903,95.67538878448097,363.2099598318314,0.17418684623902697,-39.61796476393491,1.932748083960578,reported
2021,Q2,11012,20210817001416,CFS,OpenDART fnlttSinglAcntAll,63671585000000.0,37065931000000.0,26605654000000.0,14038909000000.0,12566745000000.0,12882430000000.0,9634486000000.0,9450676000000.0,12086457000000.0,-4169343000000.0,-19048614000000.0,14446388000000.0,1522717000000.0,3247944000000.0,,384777669000000.0,30683788000000.0,35624916000000.0,33592385000000.0,191118524000000.0,72461451000000.0,11052623000000.0,139389862000000.0,102453403000000.0,15530583000000.0,282324266000000.0,,184.0,,,-2359931000000.0,-15153205000000.0,41.78575733586654,19.73681823689484,15.131531592938984,,2.477993093201175,3.4619510038016896,263.7519969066035,217.3930232227892,36.28926569138765,73.37335005270276,4.036248527717964,8.252843437093038,,3.617306214880961,204.22130751103495,330.79488884280283,100.75860774947213,434.25758860436565,0.1637635343111937,-2.6257184691932722,1.254499409724608,derived from cumulative DART filing
2021,Q3,11014,20211115001965,CFS,OpenDART fnlttSinglAcntAll,73979187000000.0,42898871000000.0,31080316000000.0,15262785000000.0,15817531000000.0,16355869000000.0,12293331000000.0,12057207000000.0,18581452000000.0,-16949490000000.0,-547765000000.0,11848566000000.0,2490646000000.0,4062538000000.0,,410420718000000.0,32675040000000.0,42369691000000.0,37801695000000.0,212793019000000.0,81871964000000.0,13865671000000.0,143029384000000.0,113654600000000.0,17797977000000.0,296766118000000.0,,180.0,,,6732886000000.0,-14877063000000.0,42.012243254308814,21.381055458206102,16.617283182633518,,3.0918903259797483,4.245738261127817,259.90950821700085,213.7377869669769,38.29770081771936,72.30778198677582,4.336520116901116,6.350774457710972,,4.330566821271857,209.0444331998404,321.63127731263603,107.43293006792175,423.2427804445546,0.18606473103924945,16.188700187061468,1.5115066860235034,derived from cumulative DART filing
2021,Q4,11011,20220308000798,CFS,OpenDART fnlttSinglAcntAll,76565524000000.0,44946555000000.0,31618969000000.0,17752257000000.0,13866712000000.0,14362883000000.0,10837948000000.0,10643122000000.0,20634461000000.0,-10351321000000.0,-3800331000000.0,12865507000000.0,1697309000000.0,3524935000000.0,,426621158000000.0,39031415000000.0,40713415000000.0,41384404000000.0,218163185000000.0,88117133000000.0,13453351000000.0,149928539000000.0,121721227000000.0,17062181000000.0,304899931000000.0,,186.0,,,7768954000000.0,-21969234000000.0,41.29661412622214,18.110908507594097,14.15512809655688,,2.58958322414923,3.602645692909955,247.5831629701343,200.6179445261797,39.921697128885214,71.46854423005435,3.9993752489884717,8.169821759031501,,3.7050925079609853,194.08730847319742,336.07264138486255,101.18581470759581,428.9741351504641,0.1829431147839012,3.4960332829826912,1.9039084704964446,derived from cumulative DART filing
2021,annual,11011,20220308000798,CFS,OpenDART fnlttSinglAcntAll,279604799000000.0,166411342000000.0,113193457000000.0,61559601000000.0,51633856000000.0,53351827000000.0,39907450000000.0,39243791000000.0,65105448000000.0,-33047763000000.0,-23991033000000.0,49829021000000.0,7704554000000.0,13444377000000.0,,426621158000000.0,39031415000000.0,40713415000000.0,41384404000000.0,218163185000000.0,88117133000000.0,13453351000000.0,149928539000000.0,121721227000000.0,17062181000000.0,304899931000000.0,,186.0,,,15276427000000.0,-21969234000000.0,40.48337417842388,18.466727389754137,14.272805811176367,,9.354306332833122,13.08870417553489,247.5831629701343,200.6179445261797,39.921697128885214,71.46854423005435,3.9993752489884717,6.701731988639446,,13.650833570090553,53.1478591503002,90.77090106033758,29.508043478190327,114.41071673244744,0.6553936525576634,265.18368110430487,1.6314108769164655,
2021,half_year,11012,20210817001416,CFS,OpenDART fnlttSinglAcntAll,129060088000000.0,78565916000000.0,50494172000000.0,28544559000000.0,21949613000000.0,22633075000000.0,16776171000000.0,16543462000000.0,25889535000000.0,-5746952000000.0,-19642937000000.0,25114948000000.0,3516599000000.0,5856904000000.0,,384777669000000.0,30683788000000.0,35624916000000.0,33592385000000.0,191118524000000.0,72461451000000.0,11052623000000.0,139389862000000.0,102453403000000.0,15530583000000.0,282324266000000.0,,184.0,,,774587000000.0,-15153205000000.0,39.124544839919835,17.007281910422996,12.998728933146243,,4.13512330601385,5.713719252614517,263.7519969066035,217.3930232227892,36.28926569138765,73.37335005270276,4.036248527717964,6.241716215013426,,5.915113903520449,100.75225068806711,156.06284696025182,57.00134606124628,199.8137515870726,0.31811751189529386,-53.84196249077971,1.5432326601821118,
2022,Q1,11013,20220516001751,CFS,OpenDART fnlttSinglAcntAll,77781498000000.0,47072057000000.0,30709441000000.0,16588032000000.0,14121409000000.0,15069840000000.0,11324628000000.0,11129094000000.0,10453069000000.0,-636511000000.0,-495346000000.0,9560282000000.0,3033318000000.0,3745212000000.0,,439326959000000.0,48944982000000.0,44464968000000.0,47590731000000.0,232369082000000.0,90463701000000.0,15133906000000.0,149618019000000.0,124036040000000.0,17185452000000.0,315290919000000.0,,174.0,,,892787000000.0,-31759530000000.0,39.48167853491328,18.15522889518019,14.55953959642176,,2.7483471431251325,3.789939842308391,256.86444334175536,204.25689968178506,39.340187910708586,71.76680432215406,3.9117681371336013,4.655433093398054,,3.8539521864999897,208.65776228686158,369.02183422746964,90.45094544406396,487.2286510702673,0.18876607497949885,-39.7323376999402,0.9230386198999208,reported
2022,Q2,11012,20220816001711,CFS,OpenDART fnlttSinglAcntAll,77203607000000.0,46269748000000.0,30933859000000.0,16836814000000.0,14097045000000.0,14460758000000.0,11098805000000.0,10954515000000.0,14136066000000.0,-19292756000000.0,-5962297000000.0,12173854000000.0,5130979000000.0,3361953000000.0,,448040650000000.0,39583141000000.0,44026232000000.0,52092241000000.0,236287491000000.0,83362268000000.0,12560726000000.0,154254576000000.0,120133986000000.0,16486179000000.0,327906664000000.0,,178.0,,,1962212000000.0,-23096962000000.0,40.06789345995194,18.259567846357232,14.376018726689804,,2.501512312920135,3.4511339262915106,283.44657201505123,220.9575799929052,36.636640602095234,73.18681106279085,3.6796167936994113,2.747437672225905,,3.678019802067852,208.14538730036278,410.9308735591125,90.30040165638599,528.7758592030893,0.17400591641383656,-0.7429671771042479,1.2736565783433442,derived from cumulative DART filing
2022,Q3,11014,20221114001832,CFS,OpenDART fnlttSinglAcntAll,76781680000000.0,48072237000000.0,28709443000000.0,17857398000000.0,10852045000000.0,11854958000000.0,9389198000000.0,9143900000000.0,18979311000000.0,-8023560000000.0,-8227112000000.0,13926651000000.0,6101555000000.0,2465760000000.0,,470278409000000.0,44515421000000.0,47421784000000.0,57319848000000.0,250880637000000.0,85285669000000.0,15252184000000.0,160343568000000.0,125371520000000.0,11406231000000.0,344906889000000.0,,180.0,,,5052660000000.0,-33109190000000.0,37.391006552604736,14.133638388740646,12.228435220484887,,2.0448661950290634,2.791025227757266,294.16505720322135,226.9558195058539,36.349381238366625,73.34100022440111,2.4254209382595744,1.7785703808291493,,2.7877981552688067,225.43074285428503,435.2147065675351,104.44771958432,556.1977298375001,0.1672222290226909,-0.5465120301956894,2.0213985262639045,derived from cumulative DART filing
2022,Q4,11011,20230307000542,CFS,OpenDART fnlttSinglAcntAll,70464575000000.0,48627728000000.0,21836847000000.0,17530716000000.0,4306131000000.0,5054918000000.0,23841446000000.0,23502509000000.0,18612900000000.0,-3649977000000.0,-4705294000000.0,17465945000000.0,4761837000000.0,-18786528000000.0,,448424507000000.0,49680710000000.0,35721563000000.0,52187866000000.0,218470581000000.0,78344852000000.0,10644686000000.0,168045388000000.0,93674903000000.0,9244080000000.0,354749604000000.0,,185.0,,,1146955000000.0,-40436630000000.0,30.98982290037228,6.111057932301444,33.834655215049544,,5.190240628342579,6.815186091612531,278.85760892113245,212.24459649244088,26.405921794911997,79.11021776514994,2.0614573591982563,0.9043003781943817,,1.3755175197276985,185.03440196722963,391.7224158611728,89.32621571773939,487.430602110663,0.1534001335421907,-8.227359703512604,0.7806950971010734,derived from cumulative DART filing
2022,annual,11011,20230307000542,CFS,OpenDART fnlttSinglAcntAll,302231360000000.0,190041770000000.0,112189590000000.0,68812960000000.0,43376630000000.0,46440474000000.0,55654077000000.0,54730018000000.0,62181346000000.0,-31602804000000.0,-19390049000000.0,53126732000000.0,19027689000000.0,-9213603000000.0,,448424507000000.0,49680710000000.0,35721563000000.0,52187866000000.0,218470581000000.0,78344852000000.0,10644686000000.0,168045388000000.0,93674903000000.0,9244080000000.0,354749604000000.0,,185.0,,,9054614000000.0,-40436630000000.0,37.12043316749129,14.352127456263968,18.41439518387503,,12.41102485061103,15.688270366610475,278.85760892113245,212.24459649244088,26.405921794911997,79.11021776514994,2.0614573591982563,2.2796583442161578,,13.80045801100148,43.14036271748901,100.23360174976271,20.444507489064115,122.9294569781876,0.6739849300876859,328.91248545811845,1.1172828542282716,
2022,half_year,11012,20220816001711,CFS,OpenDART fnlttSinglAcntAll,154985105000000.0,93341805000000.0,61643300000000.0,33424846000000.0,28218454000000.0,29530598000000.0,22423433000000.0,22083609000000.0,24589135000000.0,-19929267000000.0,-6457643000000.0,21734136000000.0,8164297000000.0,7107165000000.0,,448040650000000.0,39583141000000.0,44026232000000.0,52092241000000.0,236287491000000.0,83362268000000.0,12560726000000.0,154254576000000.0,120133986000000.0,16486179000000.0,327906664000000.0,,178.0,,,2854999000000.0,-23096962000000.0,39.77369309134578,18.207203847105177,14.46812130752823,,5.002633471007284,6.569465205584255,283.44657201505123,220.9575799929052,36.636640602095234,73.18681106279085,3.6796167936994113,3.456323796157832,,6.921757230278977,103.684639114191,203.69938169719347,49.16732235036331,258.21669846102117,0.3457693894510169,-48.71971426128645,1.0965820889245639,
2023,Q1,11013,20230515002335,CFS,OpenDART fnlttSinglAcntAll,63745371000000.0,46007093000000.0,17738278000000.0,17098100000000.0,640178000000.0,1826380000000.0,1574600000000.0,1401252000000.0,6291774000000.0,16471470000000.0,-979799000000.0,14313809000000.0,3956001000000.0,251780000000.0,,454091777000000.0,72949377000000.0,36632159000000.0,54419586000000.0,214442141000000.0,76057448000000.0,12343531000000.0,171857516000000.0,94292361000000.0,8744456000000.0,359799416000000.0,,168.0,,,-8022035000000.0,-64204921000000.0,27.8267703548231,1.0042737063997949,2.4701401455487644,,0.3490840042711379,0.4579281893218103,281.94758914340645,210.39695546976543,26.206924415908446,79.23495518396054,1.9257023454093511,0.16182452936690359,,0.18385105484400036,209.75229770017341,431.74101197830515,93.21281060514245,548.2804990733362,0.1413215379298188,-58.870001733392385,3.995791947161184,reported
2023,Q2,11012,20230814002534,CFS,OpenDART fnlttSinglAcntAll,60005533000000.0,41647190000000.0,18358343000000.0,17689796000000.0,668547000000.0,1712995000000.0,1723571000000.0,1547018000000.0,8169915000000.0,4551094000000.0,-5780921000000.0,16680481000000.0,3244540000000.0,-10576000000.0,,448000552000000.0,79919775000000.0,36104142000000.0,55504798000000.0,203975373000000.0,70780638000000.0,11744005000000.0,177869942000000.0,89024926000000.0,7875235000000.0,358975626000000.0,,166.0,,,-8510566000000.0,-72044540000000.0,30.594417018177307,1.1141422575148194,2.8723534544722735,,0.3821274041672956,0.47958565595270075,288.17961912126304,209.76156643289934,24.799713281926277,80.12838921680614,1.757862789419063,0.2060529381668896,,0.229533954149217,219.6132784955014,486.44941639519976,100.31174528873898,605.7509496019621,0.13303634466444952,-5.866838550520004,4.740109342754084,derived from cumulative DART filing
2023,Q3,11014,20231114002109,CFS,OpenDART fnlttSinglAcntAll,67404652000000.0,46618726000000.0,20785926000000.0,18352392000000.0,2433534000000.0,3942601000000.0,5844171000000.0,5501304000000.0,9730509000000.0,-13423278000000.0,-1957717000000.0,13652241000000.0,2903717000000.0,-1901570000000.0,,454466447000000.0,75144284000000.0,43405955000000.0,55255957000000.0,206438600000000.0,73625180000000.0,13157077000000.0,180805963000000.0,90573804000000.0,8774769000000.0,363892643000000.0,,166.0,,,-3921732000000.0,-66369515000000.0,30.837524389266193,3.6103353815994774,8.670278425293256,,1.2951545056995486,1.6169394205350023,280.3913009109112,205.34094857221402,24.89025423907787,80.07029900713441,1.9307847824462165,0.8380754736084818,,0.8327543686766881,235.0456994422284,432.6249564391785,103.56577561061452,564.1048802707924,0.14937865223811914,12.330727901375372,1.664993888782515,derived from cumulative DART filing
2023,Q4,11011,20240312000736,CFS,OpenDART fnlttSinglAcntAll,-154508163000000.0,46115571000000.0,21664367000000.0,18839650000000.0,2824717000000.0,3524289000000.0,6344758000000.0,6023827000000.0,19945229000000.0,-24522103000000.0,125378000000.0,15887636000000.0,2541272000000.0,-2820469000000.0,,455905980000000.0,69080893000000.0,36647393000000.0,51625874000000.0,195936557000000.0,75719452000000.0,11319824000000.0,187256262000000.0,92228115000000.0,11377069000000.0,363677865000000.0,,176.0,,,4057593000000.0,-57703824000000.0,-14.021503187504727,-1.8281992000642713,-4.106422519566167,,1.3938818469949112,1.7440943331914163,258.76647522488673,190.58601084434684,25.35983733846436,79.77036515292035,2.4954858016997274,1.1115366635291304,,0.9361160731476439,-86.57340936090218,408.61348133366926,97.2505190478217,224.78955292494538,-0.3394394610767358,-329.22477665191417,3.143576004002044,derived from cumulative DART filing
2023,annual,11011,20240312000736,CFS,OpenDART fnlttSinglAcntAll,36647393000000.0,180388580000000.0,78546914000000.0,71979938000000.0,6566976000000.0,11006265000000.0,15487100000000.0,14473401000000.0,44137427000000.0,-16922817000000.0,-8593059000000.0,60534167000000.0,12645530000000.0,-4480835000000.0,,455905980000000.0,69080893000000.0,36647393000000.0,51625874000000.0,195936557000000.0,75719452000000.0,11319824000000.0,187256262000000.0,92228115000000.0,11377069000000.0,363677865000000.0,,176.0,,,-16396740000000.0,-57703824000000.0,214.33151875223427,17.919353772313354,42.259759104829094,,3.3969942662300676,4.258466486542974,258.76647522488673,190.58601084434684,25.35983733846436,79.77036515292035,2.4954858016997274,0.519312041488178,,2.1462526620027873,365.0,104.46029349529775,22.90464152442466,446.55565197087304,0.08038366375453114,-123.71874229065813,2.849947827546797,
2023,half_year,11012,20230814002534,CFS,OpenDART fnlttSinglAcntAll,123750904000000.0,87654283000000.0,36096621000000.0,34787896000000.0,1308725000000.0,3539375000000.0,3298171000000.0,2948270000000.0,14461689000000.0,21022564000000.0,-6760720000000.0,30994290000000.0,7200541000000.0,241204000000.0,,448000552000000.0,79919775000000.0,36104142000000.0,55504798000000.0,203975373000000.0,70780638000000.0,11744005000000.0,177869942000000.0,89024926000000.0,7875235000000.0,358975626000000.0,,166.0,,,-16532601000000.0,-72044540000000.0,29.168773587302443,1.0575478301152452,2.6651692176729473,,0.7297593021487314,0.912794594110665,288.17961912126304,209.76156643289934,24.799713281926277,80.12838921680614,1.757862789419063,0.18175370433971558,,0.41137678356156165,106.4882065831212,231.12676958409438,46.83067452230751,290.78430164490806,0.27381349646005215,237.6799653934456,4.384760220134129,
2024,Q1,11013,20240516001421,CFS,OpenDART fnlttSinglAcntAll,71915601000000.0,45886332000000.0,26029269000000.0,19423260000000.0,6606009000000.0,7706723000000.0,,,11866306000000.0,-22010751000000.0,1261662000000.0,14565177000000.0,2662511000000.0,952015000000.0,,470899812000000.0,61906097000000.0,41145391000000.0,53347700000000.0,208544280000000.0,81770355000000.0,12419094000000.0,191155560000000.0,98983688000000.0,14056662000000.0,371916124000000.0,,204.0,,,-2698871000000.0,-47849435000000.0,36.194189630703356,9.185780148037697,,,,,255.03653493983242,189.7956539383986,26.61451913819149,78.97988372949276,2.985064262459294,2.4811198902089044,,1.8952493571432563,208.82906498966753,424.35099192500286,103.65992941929878,529.5201274953715,0.15652535099006665,-41.886807550108884,,reported
2024,Q2,11012,20240814003284,CFS,OpenDART fnlttSinglAcntAll,74068302000000.0,44312026000000.0,29756276000000.0,19312398000000.0,10443878000000.0,11595344000000.0,,,16895410000000.0,-26120234000000.0,-4099278000000.0,12179293000000.0,2706796000000.0,1753999000000.0,,485757698000000.0,49844405000000.0,43660885000000.0,55566613000000.0,217858103000000.0,84354935000000.0,13113267000000.0,194449826000000.0,102231027000000.0,14366551000000.0,383526671000000.0,,204.0,,,4716117000000.0,-35477854000000.0,40.17410308663482,14.100334040329424,,,,,258.26361314841864,192.39122168726703,26.655519610525342,78.95431664368601,2.9575549824842917,3.8583912492851327,,2.6376592517099944,215.15577642106607,457.70450091810295,102.86365497588605,569.996622363283,0.15484810650783476,2.9933713548469187,,derived from cumulative DART filing
2024,Q3,11014,20241114002642,CFS,OpenDART fnlttSinglAcntAll,79098731000000.0,49095083000000.0,30003648000000.0,20820277000000.0,9183371000000.0,10320412000000.0,,,22198634000000.0,-25382795000000.0,-2178542000000.0,11253400000000.0,2823742000000.0,219508000000.0,,491307317000000.0,43131359000000.0,44692044000000.0,53356759000000.0,219235111000000.0,87031889000000.0,12861787000000.0,195028773000000.0,105025954000000.0,14820093000000.0,386281363000000.0,,204.0,,,10945234000000.0,-28311266000000.0,37.93189551928462,11.61001053228022,,,,,251.90204822510518,190.59491171103963,27.188977791817514,78.62316510136567,3.016460876360203,3.252199032347856,,2.546120760970788,206.23081879783888,396.6836563857118,100.12859817747717,502.78587700607346,0.16191088573568463,6.791608372499214,,derived from cumulative DART filing
2024,Q4,11011,20250311001085,CFS,OpenDART fnlttSinglAcntAll,75788269000000.0,47268827000000.0,28519442000000.0,22026739000000.0,6492703000000.0,7907255000000.0,34451351000000.0,,22022271000000.0,-11867922000000.0,-2781085000000.0,15743769000000.0,4792635000000.0,152861000000.0,,514531948000000.0,53705579000000.0,43623073000000.0,51754865000000.0,227062266000000.0,93326299000000.0,12370177000000.0,205945209000000.0,112339878000000.0,17122894000000.0,402192070000000.0,,213.0,,,6278502000000.0,-36582685000000.0,37.63041744626731,8.566897074796628,45.45736623170533,,6.850269660133024,8.73874744743619,243.29933623533063,187.84351557753297,27.931897811908623,78.1665884039527,3.327858273243706,1.3547251146811723,,1.759913847827639,210.0908472391684,399.6402475779651,98.87054611265442,510.860548704479,0.15069658073052059,-4.1852276997971005,0.6392280813602926,derived from cumulative DART filing
2024,annual,11011,20250311001085,CFS,OpenDART fnlttSinglAcntAll,300870903000000.0,186562268000000.0,114308635000000.0,81582674000000.0,32725961000000.0,37529734000000.0,34451351000000.0,,72982621000000.0,-85381702000000.0,-7797243000000.0,53741639000000.0,12985684000000.0,3078383000000.0,,514531948000000.0,53705579000000.0,43623073000000.0,51754865000000.0,227062266000000.0,93326299000000.0,12370177000000.0,205945209000000.0,112339878000000.0,17122894000000.0,402192070000000.0,,213.0,,,19240982000000.0,-36582685000000.0,37.99258547776552,10.877077402197314,11.450542626915306,,6.695668001552354,8.565895145570622,243.29933623533063,187.84351557753297,27.931897811908623,78.1665884039527,3.327858273243706,2.520156889694836,,8.216859181857828,52.92110831003156,101.25587519658583,24.201649419270566,129.97533408734682,0.5847467862189969,296.98875164967814,2.1184255154464045,
2024,half_year,11012,20240814003284,CFS,OpenDART fnlttSinglAcntAll,145983903000000.0,90198358000000.0,55785545000000.0,38735658000000.0,17049887000000.0,19302067000000.0,,,28761716000000.0,-48130985000000.0,-2837616000000.0,26744470000000.0,5369307000000.0,2706014000000.0,,485757698000000.0,49844405000000.0,43660885000000.0,55566613000000.0,217858103000000.0,84354935000000.0,13113267000000.0,194449826000000.0,102231027000000.0,14366551000000.0,383526671000000.0,,204.0,,,2017246000000.0,-35477854000000.0,38.21349056546324,11.67929247651366,,,,,258.26361314841864,192.39122168726703,26.655519610525342,78.95431664368601,2.9575549824842917,3.1754353029171174,,4.108300794536881,109.16424823221777,224.8579042314717,50.913063059411925,283.1090894042776,0.29188326318035285,-51.47955433895846,,
2025,Q1,11013,20250515001922,CFS,OpenDART fnlttSinglAcntAll,79140503000000.0,51009931000000.0,28130572000000.0,21445300000000.0,6685272000000.0,9151576000000.0,,,16580866000000.0,-6431187000000.0,-11341720000000.0,13385478000000.0,2488325000000.0,928698000000.0,,516376748000000.0,53161004000000.0,44866585000000.0,53220267000000.0,222685717000000.0,90279712000000.0,14496195000000.0,207385768000000.0,109762479000000.0,9107956000000.0,406614269000000.0,,223.0,,,3195388000000.0,-44053048000000.0,35.54510134968437,8.447345855256948,,,,,246.66197096419626,187.711553621261,26.994251645408934,78.74372162861214,1.7638199309470068,2.6866554810967216,,1.6906188060732943,206.9269578056637,380.8159915958326,108.72834738747669,479.0146020140196,0.15794388331004441,-45.78819899067913,,reported
2025,Q2,11012,20250814003156,CFS,OpenDART fnlttSinglAcntAll,74566317000000.0,49069566000000.0,25496751000000.0,20820694000000.0,4676057000000.0,5756129000000.0,,,17360136000000.0,-17742316000000.0,-3406690000000.0,13817083000000.0,3444354000000.0,639694000000.0,,504875185000000.0,47120025000000.0,43550509000000.0,51037413000000.0,212160671000000.0,84402645000000.0,12675844000000.0,205025638000000.0,105313218000000.0,12825972000000.0,399561967000000.0,,223.0,,,3543053000000.0,-34294053000000.0,34.19338922157038,6.271004373194401,,,,,251.36732504058372,190.8983515860196,26.35716777317797,79.14074188455112,2.5404243228947765,1.3576005834475782,,1.1421346269781887,213.17850236588725,379.6376708324667,98.6779166771174,494.1382565212365,0.14602923057576234,-5.779829324562169,,derived from cumulative DART filing
2025,Q3,11014,20251114002447,CFS,OpenDART fnlttSinglAcntAll,86061747000000.0,52569620000000.0,33492127000000.0,21326065000000.0,12166062000000.0,13545563000000.0,,,22574494000000.0,-13347675000000.0,-4187733000000.0,12191098000000.0,1709475000000.0,1319816000000.0,,523659586000000.0,53399483000000.0,50538790000000.0,50332392000000.0,229440881000000.0,87259259000000.0,14417361000000.0,204861077000000.0,110158092000000.0,15502240000000.0,413501494000000.0,,225.0,,,10383396000000.0,-37897243000000.0,38.91639220384406,14.136433925748685,,,,,262.9415876657857,205.26015353854885,26.64031293681372,78.96379729406883,2.9603659351325233,7.116841135436318,,2.9642517597723224,214.34213216703583,349.4665375172961,101.46297988344612,462.3456898008858,0.1673482500087496,15.416384317331921,,derived from cumulative DART filing
2025,Q4,11011,20260310002820,CFS,OpenDART fnlttSinglAcntAll,93837371000000.0,49586396000000.0,44250975000000.0,24177315000000.0,20073660000000.0,21028203000000.0,45206805000000.0,,28799652000000.0,-30991028000000.0,5458103000000.0,12759490000000.0,4091610000000.0,1386458000000.0,,566942110000000.0,57856378000000.0,51127642000000.0,52636828000000.0,247684612000000.0,106411348000000.0,13039380000000.0,215304784000000.0,130621773000000.0,24061631000000.0,436320337000000.0,,229.0,,,16040162000000.0,-33794747000000.0,47.15709160266223,21.391967598921756,48.175694308400864,,8.290250265666192,10.639125367444226,232.7614645009478,183.29603718580842,29.93712690499687,76.96029793941396,4.244107215814327,4.906054096064874,,4.819282629954246,198.87161299521063,387.4538940075419,91.71897070372663,494.60653629902595,0.17208366967366243,9.034936276624727,0.6370645304396098,derived from cumulative DART filing
2025,annual,11011,20260310002820,CFS,OpenDART fnlttSinglAcntAll,333605938000000.0,202235513000000.0,131370425000000.0,87769374000000.0,43601051000000.0,49481471000000.0,45206805000000.0,,85315148000000.0,-68512206000000.0,-13478040000000.0,52153149000000.0,11733764000000.0,4274666000000.0,,566942110000000.0,57856378000000.0,51127642000000.0,52636828000000.0,247684612000000.0,106411348000000.0,13039380000000.0,215304784000000.0,130621773000000.0,24061631000000.0,436320337000000.0,,229.0,,,33161999000000.0,-33794747000000.0,39.37892286557561,13.069626776247608,13.5509593357418,,7.973795596167658,10.360920902937423,232.7614645009478,183.29603718580842,29.93712690499687,76.96029793941396,4.244107215814327,3.715862275736925,,9.896113669346876,55.93902027607194,95.00033863983127,23.533817722706296,127.40554119319691,0.5884303390340858,255.51500904687538,1.8872191476482356,
2025,half_year,11012,20250814003156,CFS,OpenDART fnlttSinglAcntAll,153706820000000.0,100079497000000.0,53627323000000.0,42265994000000.0,11361329000000.0,14907705000000.0,,,33941002000000.0,-24173503000000.0,-14748410000000.0,27202561000000.0,5932679000000.0,1568392000000.0,,504875185000000.0,47120025000000.0,43550509000000.0,51037413000000.0,212160671000000.0,84402645000000.0,12675844000000.0,205025638000000.0,105313218000000.0,12825972000000.0,399561967000000.0,,223.0,,,6738441000000.0,-34294053000000.0,34.88935819503649,7.391558162481014,,,,,251.36732504058372,190.8983515860196,26.35716777317797,79.14074188455112,2.5404243228947765,1.9150419228817201,,2.648118232897208,103.41724449832479,186.13858286078315,46.98090178275847,242.57492557634944,0.2868153382428859,-53.92563426134219,,
2026,Q1,11013,20260515002181,CFS,OpenDART fnlttSinglAcntAll,133873444000000.0,51960271000000.0,81913173000000.0,24680376000000.0,57232797000000.0,58828434000000.0,,,40274106000000.0,-21456000000000.0,-5455268000000.0,18176955000000.0,4858242000000.0,11603162000000.0,,633339604000000.0,73306751000000.0,82285029000000.0,58278373000000.0,306220075000000.0,120603778000000.0,15820977000000.0,217814922000000.0,146703628000000.0,26947626000000.0,486635976000000.0,,215.0,,,22097151000000.0,-46359125000000.0,61.18702152758541,42.751419019294076,,,,,253.90587266677497,205.5836940696833,30.146482223911864,76.83649860620433,4.254846188333423,11.780557041003721,,11.407026932294249,224.34647744626633,409.38212475835627,97.54284678641227,536.1857554182103,0.2352340617848008,-12.903380604712266,,reported
2026,Q2,11012,20260814003699,CFS,OpenDART fnlttSinglAcntAll,171499470000000.0,52198759000000.0,119300711000000.0,29808299000000.0,89492412000000.0,94439805000000.0,,,105081086000000.0,-69394006000000.0,-17885328000000.0,14783327000000.0,3637218000000.0,22815344000000.0,,759480516000000.0,92916382000000.0,96408968000000.0,71389118000000.0,379711982000000.0,134189617000000.0,17204681000000.0,224371952000000.0,180170840000000.0,21202892000000.0,579309676000000.0,,223.0,,,90297759000000.0,-71713490000000.0,69.56331177000139,52.182325694650835,,,,,282.9667380301115,229.76655787012197,31.10095471631653,76.2770951717213,2.7917624683343423,24.604632441607844,,14.320966357625126,205.18590127421385,499.18865063439534,96.15305859618839,608.2214933124208,0.2462621950062008,28.105668216020497,,derived from cumulative DART filing
2026,half_year,11012,20260814003699,CFS,OpenDART fnlttSinglAcntAll,305372914000000.0,104159030000000.0,201213884000000.0,54488675000000.0,146725209000000.0,153268239000000.0,,,145355192000000.0,-90850006000000.0,-23340596000000.0,32960282000000.0,8495460000000.0,34418506000000.0,,759480516000000.0,92916382000000.0,96408968000000.0,71389118000000.0,379711982000000.0,134189617000000.0,17204681000000.0,224371952000000.0,180170840000000.0,21202892000000.0,579309676000000.0,,223.0,,,112394910000000.0,-71713490000000.0,65.89120212541182,48.04787925624602,,,,,282.9667380301115,229.76655787012197,31.10095471631653,76.2770951717213,2.7917624683343423,17.27101404750302,,22.41467413520194,115.23377387688025,250.16580962783544,60.28962217678102,305.1099613279347,0.4020813010560497,78.06055843787738,,
